[
    {
        "id": 82,
        "name": "CGV Vincom Thái Nguyên",
        "address": "Tầng 5, Vincom Plaza, 286 Lương Ngọc Quyến",
        "district": "Thái Nguyên",
        "city": "Thái Nguyên",
        "phone": "1900 6017",
        "images": []
    },
    {
        "id": 149,
        "name": "CGV Hehe Hà Nội 3",
        "address": "Tầng 4, G3, 144 Xuân Thủy",
        "district": "Cầu Giấy",
        "city": "Hà Nội",
        "phone": "1900 6017",
        "images": []
    },
    {
        "id": 66,
        "name": "CGV Vincom Đồng Khởi",
        "address": "Tầng 3, Vincom Center Đồng Khởi, 72 Lê Thánh Tôn",
        "district": "Quận 1",
        "city": "Hồ Chí Minh",
        "phone": "1900 6017",
        "images": []
    },
    {
        "id": 64,
        "name": "CGV Aeon Bình Tân",
        "address": "Tầng 3, Aeon Mall Bình Tân, 1 Đường Số 17A",
        "district": "Bình Tân",
        "city": "Hồ Chí Minh",
        "phone": "1900 6017",
        "images": []
    },
    {
        "id": 71,
        "name": "CGV Indochina Plaza",
        "address": "Tầng 5, Indochina Plaza, 241 Xuân Thủy",
        "district": "Cầu Giấy",
        "city": "Hà Nội",
        "phone": "1900 6017",
        "images": []
    },
    {
        "id": 72,
        "name": "CGV Times City",
        "address": "Tầng hầm B1, Times City, 458 Minh Khai",
        "district": "Hai Bà Trưng",
        "city": "Hà Nội",
        "phone": "1900 6017",
        "images": []
    },
    {
        "id": 83,
        "name": "CGV Vincom Hải Phòng",
        "address": "Tầng 4, Vincom Plaza, 1 Lê Thánh Tông",
        "district": "Ngô Quyền",
        "city": "Hải Phòng",
        "phone": "1900 6017",
        "images": []
    },
    {
        "id": 77,
        "name": "CGV Vincom Hòa Bình",
        "address": "Tầng 3, Vincom Plaza, 460 Trần Phú",
        "district": "Hải Châu",
        "city": "Đà Nẵng",
        "phone": "1900 6017",
        "images": []
    },
    {
        "id": 73,
        "name": "CGV Mipec Long Biên",
        "address": "Tầng 5, Mipec Riverside, 2 Long Biên 2",
        "district": "Long Biên",
        "city": "Hà Nội",
        "phone": "1900 6017",
        "images": []
    },
    {
        "id": 65,
        "name": "CGV Hùng Vương Plaza",
        "address": "Tầng 7, Hùng Vương Plaza, 126 Hùng Vương",
        "district": "Quận 5",
        "city": "Hồ Chí Minh",
        "phone": "1900 6017",
        "images": []
    },
    {
        "id": 85,
        "name": "CGV Vincom Huế",
        "address": "Tầng 3, Vincom Plaza, 50A Hùng Vương",
        "district": "Huế",
        "city": "Thừa Thiên Huế",
        "phone": "1900 6017",
        "images": []
    },
    {
        "id": 78,
        "name": "CGV Vincom Nha Trang",
        "address": "Tầng 5, Vincom Plaza, 44 Lê Thánh Tôn",
        "district": "Nha Trang",
        "city": "Khánh Hòa",
        "phone": "1900 6017",
        "images": []
    },
    {
        "id": 68,
        "name": "CGV Sư Vạn Hạnh",
        "address": "Tầng 6, Vạn Hạnh Mall, 11 Sư Vạn Hạnh",
        "district": "Quận 10",
        "city": "Hồ Chí Minh",
        "phone": "1900 6017",
        "images": []
    },
    {
        "id": 80,
        "name": "CGV Aeon Mall Bình Dương",
        "address": "Tầng 2, Aeon Mall Bình Dương Canary",
        "district": "Thuận An",
        "city": "Bình Dương",
        "phone": "1900 6017",
        "images": []
    },
    {
        "id": 62,
        "name": "CGV Saigonres Nguyễn Xí",
        "address": "Tầng 4, Saigonres Plaza, 79 Nguyễn Xí",
        "district": "Bình Thạnh",
        "city": "Hồ Chí Minh",
        "phone": "1900 6017",
        "images": []
    },
    {
        "id": 67,
        "name": "CGV Nowzone",
        "address": "Tầng 5, Nowzone Fashion Mall, 235 Nguyễn Văn Cừ",
        "district": "Quận 1",
        "city": "Hồ Chí Minh",
        "phone": "1900 6017",
        "images": []
    },
    {
        "id": 76,
        "name": "CGV Vincom Đà Nẵng",
        "address": "Tầng 4, Vincom Plaza, 910A Ngô Quyền",
        "district": "Sơn Trà",
        "city": "Đà Nẵng",
        "phone": "1900 6017",
        "images": []
    },
    {
        "id": 69,
        "name": "CGV Vincom Bà Triệu",
        "address": "Tầng 6, Vincom Center, 191 Bà Triệu",
        "district": "Hai Bà Trưng",
        "city": "Hà Nội",
        "phone": "1900 6017",
        "images": []
    },
    {
        "id": 81,
        "name": "CGV Vincom Buôn Ma Thuột",
        "address": "Tầng 4, Vincom Plaza, 78 Lý Thường Kiệt",
        "district": "Buôn Ma Thuột",
        "city": "Đắk Lắk",
        "phone": "1900 6017",
        "images": []
    },
    {
        "id": 79,
        "name": "CGV Vincom Biên Hòa",
        "address": "Tầng 3, Vincom Plaza, 1096 Phạm Văn Thuận",
        "district": "Biên Hòa",
        "city": "Đồng Nai",
        "phone": "1900 6017",
        "images": []
    },
    {
        "id": 59,
        "name": "CGV Aeon Tân Phú",
        "address": "Tầng 3, Aeon Mall Tân Phú Celadon, 30 Bờ Bao Tân Thắng",
        "district": "Tân Phú",
        "city": "Hồ Chí Minh",
        "phone": "1900 6017",
        "images": []
    },
    {
        "id": 84,
        "name": "CGV Vincom Hạ Long",
        "address": "Tầng 4, Vincom Plaza Hạ Long, Trần Quốc Nghiễn",
        "district": "Hạ Long",
        "city": "Quảng Ninh",
        "phone": "1900 6017",
        "images": []
    },
    {
        "id": 74,
        "name": "CGV Hồ Gươm Plaza",
        "address": "Tầng 4, Hồ Gươm Plaza, 102 Trần Phú",
        "district": "Hà Đông",
        "city": "Hà Nội",
        "phone": "1900 6017",
        "images": []
    },
    {
        "id": 86,
        "name": "CGV Vincom Cần Thơ",
        "address": "Tầng 5, Vincom Xuân Khánh, 209 30/4",
        "district": "Ninh Kiều",
        "city": "Cần Thơ",
        "phone": "1900 6017",
        "images": []
    },
    {
        "id": 70,
        "name": "CGV Tràng Tiền Plaza",
        "address": "Tầng 5, Tràng Tiền Plaza, 24 Hai Bà Trưng",
        "district": "Hoàn Kiếm",
        "city": "Hà Nội",
        "phone": "1900 6017",
        "images": []
    },
    {
        "id": 60,
        "name": "CGV Crescent Mall",
        "address": "Tầng 5, Crescent Mall, 101 Tôn Dật Tiên",
        "district": "Quận 7",
        "city": "Hồ Chí Minh",
        "phone": "1900 6017",
        "images": []
    },
    {
        "id": 75,
        "name": "CGV Vincom Nguyễn Chí Thanh",
        "address": "Tầng 4, Vincom Center, 54 Nguyễn Chí Thanh",
        "district": "Đống Đa",
        "city": "Hà Nội",
        "phone": "1900 6017",
        "images": []
    },
    {
        "id": 61,
        "name": "CGV Vincom Landmark 81",
        "address": "Tầng 3, Vincom Center Landmark 81, 208 Nguyễn Hữu Cảnh",
        "district": "Bình Thạnh",
        "city": "Hồ Chí Minh",
        "phone": "1900 6017",
        "images": []
    },
    {
        "id": 87,
        "name": "CGV Sense City Cần Thơ",
        "address": "Tầng 3, Sense City, 1 Đại Lộ Hòa Bình",
        "district": "Ninh Kiều",
        "city": "Cần Thơ",
        "phone": "1900 6017",
        "images": []
    },
    {
        "id": 63,
        "name": "CGV Giga Mall",
        "address": "Tầng 6, Giga Mall, 240-242 Phạm Văn Đồng",
        "district": "Thủ Đức",
        "city": "Hồ Chí Minh",
        "phone": "1900 6017",
        "images": []
    }
]
